player,team,Scoring Threat,Chance Creation,Build-up Play,Defensive Workrate,Discipline & Physical
Aaron Mooy,Australia,1.0104895104895104,1.7596830985915493,5.114989378896329,3.846747846747847,4.679411764705883
Aaron Ramsey,Wales,1.0104895104895104,1.272830985915493,4.225028399907642,1.987006237006237,3.5399159663865545
Abdelhamid Sabiri,Morocco,1.083916083916084,1.3250704225352112,3.6913802816901407,2.7648500148500146,3.9968487394957983
Abdelkarim Hassan,Qatar,1.104895104895105,1.5114718309859154,4.482935580697299,2.58976833976834,3.9984243697478994
Abderrazak Hamdallah,Morocco,1.8974545454545455,1.0316901408450705,2.717309859154929,1.1216216216216217,3.1783088235294117
Abdessamad Ezzalzouli,Morocco,1.0944055944055944,1.2815,3.5743747402447474,2.134355509355509,2.6000903361344534
Abdou Diallo,Senegal,1.0104895104895104,1.3709014084507043,4.521766566612792,2.11497623997624,3.464701680672269
Abdul Fatawu Issahaku,Ghana,1.0,1.0,4.008450704225352,1.0,1.0
Abdulaziz Hatem,Qatar,1.1331561771561771,1.1410704225352113,3.836264834911106,1.2472527472527473,3.7786617647058827
Abdulelah Al-Amri,Saudi Arabia,1.0314685314685315,1.4119718309859155,4.222054029092589,2.6836575586575586,5.253558823529412
Abdulellah Al-Malki,Saudi Arabia,1.062937062937063,1.1985704225352112,3.949202955437543,2.3435179685179683,4.630252100840336
Abdullah Madu,Saudi Arabia,1.0,1.0,2.2844620180096973,1.7273908523908525,4.185924369747899
Abdulrahman Al-Aboud,Saudi Arabia,1.1888111888111887,1.1285,2.9871380743477256,1.2596153846153846,3.0892857142857144
Abolfazl Jalali,IR Iran,1.0,1.2686901408450704,3.3612029554375433,1.0608108108108107,3.033613445378151
Achraf Dari,Morocco,1.8588702857835806,1.0950704225352113,4.361684599399677,3.6489456489456487,3.6754201680672267
Achraf Hakimi,Morocco,1.0583123543123543,1.5776619718309859,5.962521588547679,6.637696762696763,3.3032247899159666
Adrien Rabiot,France,1.5745300941832734,2.2813450704225353,5.623217501731702,5.914315414315414,5.50481512605042
Agustín Canobbio,Uruguay,1.0,1.0316901408450705,3.1884788732394367,1.2596153846153846,1.6428571428571428
Ahmad Nourollahi,IR Iran,1.1486247086247086,1.0950704225352113,3.450695913184022,3.3161568161568162,4.693277310924369
Ahmed Alaaeldin,Qatar,1.0,1.0,1.008450704225352,1.0,2.5714285714285716
Ajdin Hrustic,Australia,1.0419580419580419,1.0316901408450705,3.6143915954744865,1.3946020196020197,1.9894957983193278
Akram Afif,Qatar,1.020979020979021,1.4334014084507043,4.635051027476333,1.0,3.9968487394957983
Alan Franco,Ecuador,1.0,1.0,3.8437859616716694,1.4687778437778438,2.767857142857143
Alejandro Balde,Spain,1.0419580419580419,1.3329507042253521,4.500143846686678,1.987006237006237,1.3718487394957983
Aleksandar Mitrović,Serbia,2.470834660522522,1.2099507042253521,3.8487691064419303,1.3204261954261955,3.8799873949579835
Alex Sandro,Brazil,1.0104895104895104,1.5030915492957746,5.0204765643038565,2.89482476982477,4.477415966386555
Alex Telles,Brazil,1.0,1.1725704225352112,3.6507268529208035,1.2338877338877339,3.543067226890756
Alexander Bah,Denmark,1.1153846153846154,1.3915,3.4670085430616484,2.0137362637362637,4.132352941176471
Alexander Djiku,Ghana,1.0,1.1711901408450704,3.588870468713923,1.9552643302643302,4.321428571428571
Alexis Mac Allister,Argentina,1.437935782906881,1.569781690140845,5.887882475178943,4.875853875853876,2.3295672268907563
Alexis Vega,Mexico,1.657090909090909,1.1885704225352112,3.6978762410528745,1.4554128304128304,2.390455882352941
Ali Abdi,Tunisia,1.0,1.1987605633802816,3.8003354883398752,3.298782298782299,4.929943277310924
Ali Al Hassan,Saudi Arabia,1.1573426573426573,1.0633802816901408,2.8255606095589934,1.5800415800415801,3.352941176470588
Ali Al-Bulaihi,Saudi Arabia,1.0,1.0633802816901408,4.122690371738628,2.0621844371844373,4.614495798319328
Ali Assadalla,Qatar,1.0,1.1665,3.8404084507042247,1.1730769230769231,2.5714285714285716
Ali Gholizadeh,IR Iran,1.0104895104895104,1.3757605633802816,3.4771015931655507,2.469149094149094,2.254201680672269
Ali Karimi,IR Iran,1.0,1.1722605633802816,3.64793534980374,1.8025690525690525,3.950840336134453
Ali Maâloul,Tunisia,1.0,1.2267605633802816,3.3494959593627334,1.675935550935551,2.5
Alidu Seidu,Ghana,1.0104895104895104,1.1530704225352113,3.731264834911106,2.5670478170478175,5.840336134453781
Alireza Jahanbakhsh,IR Iran,1.3041958041958042,1.6416901408450704,3.1534451627799585,1.5934065934065935,3.94327731092437
Alistair Johnston,Canada,1.3712167832167832,1.4187112676056337,4.74490187023782,3.035825660825661,4.555371848739496
Almoez Ali,Qatar,1.264009324009324,1.0,3.4778732394366196,1.308063558063558,3.281348739495798
Alphonso Davies,Canada,1.7517495452524354,1.196880281690141,3.9145155853151703,2.5814152064152065,4.057983193277311
Amadou Onana,Belgium,1.4195804195804196,1.0950704225352113,4.079856384206881,1.5192307692307692,5.600840336134453
Anass Zaroury,Morocco,1.0,1.0316901408450705,2.9083802816901407,1.3461538461538463,1.5714285714285714
Andre-Frank Zambo Anguissa,Cameroon,1.1143123543123543,1.478661971830986,4.672273608866313,2.6175007425007424,5.008403361344538
Andreas Christensen,Denmark,1.5000012935041838,1.4771619718309859,5.70362318171323,3.747846747846747,4.2218487394957975
Andreas Cornelius,Denmark,2.5716177156177156,1.2445,3.1059972292773033,1.0608108108108107,4.760733193277311
Andreas Skov Olsen,Denmark,1.3491655011655013,1.1658802816901408,3.517667744169937,1.679945054945055,2.44252731092437
Andrej Kramarić,Croatia,1.8573212606276188,1.095,4.712172015700762,2.2980769230769234,2.5252100840336134
Andrija Živković,Serbia,1.0314685314685315,1.5121408450704226,4.01367351650889,2.9626522126522126,3.2468487394957983
André Ayew,Ghana,2.05562795585917,1.0,3.690746478873239,1.7016632016632016,4.044848739495798
André Silva,Portugal,1.0,1.5506901408450706,3.562335257446317,1.0,2.7135357142857144
Andrés Guardado,Mexico,1.0,1.0633802816901408,3.156957746478873,1.406964656964657,3.747899159663865
Anis Ben Slimane,Tunisia,1.23609324009324,1.2446901408450703,3.194225352112676,1.8272943272943274,2.727678571428571
Ansu Fati,Spain,1.0,1.0,3.7746169475871625,1.0865384615384615,3.4642857142857144
Ante Budimir,Croatia,1.3881118881118881,1.1025,2.250704225352113,1.1473492723492724,3.6715189075630255
Anthony Contreras,Costa Rica,1.0,1.036,2.940743708150543,1.5934065934065935,3.334674369747899
Antoine Griezmann,France,1.206051282051282,2.200443661971831,5.896285384437774,5.307543807543808,4.790915966386555
Antoine Semenyo,Ghana,1.2307692307692308,1.0,2.5253521126760563,1.0,1.8785714285714286
Antonee Robinson,United States,1.0,1.480781690140845,4.862704687139229,3.5634095634095635,3.420955882352941
Antonio Rüdiger,Germany,1.3502377622377622,1.510161971830986,5.716586700531055,1.9963617463617465,4.106821428571429
Antony,Brazil,1.4373426573426573,1.285380281690141,4.22557769568229,2.0003712503712503,2.44252731092437
António Silva,Portugal,1.0,1.0816901408450703,4.334639575155854,1.6542174042174043,2.1210987394957983
Ao Tanaka,Japan,2.1777939825107455,1.1208802816901409,3.738011544677903,2.7287644787644787,3.462710084033614
Ardon Jasari,Switzerland,1.0,1.0,3.532802816901408,1.0,1.2857142857142856
Arkadiusz Milik,Poland,1.2307692307692308,1.09,3.1297887323943665,1.1730769230769231,3.952781512605042
Artur Jędrzejczyk,Poland,1.0,1.0316901408450705,3.27112676056338,1.0608108108108107,3.4285714285714284
Asiri Haitham,Saudi Arabia,1.0,1.0,2.52112676056338,1.406964656964657,1.453781512605042
Assim Madibo,Qatar,1.0,1.280830985915493,4.092056568921727,2.879120879120879,4.989495798319328
Atiba Hutchinson,Canada,1.0734265734265733,1.436781690140845,4.871865389055645,2.2085313335313335,5.764705882352941
Aurélien Tchouaméni,France,1.25116816901788,2.6201267605633802,7.768784807203879,5.086018711018711,4.843894957983194
Awer Mabil,Australia,1.0,1.0,3.2180563380281693,1.3337912087912087,1.9642857142857142
Axel Disasi,France,1.0734265734265733,1.0633802816901408,3.972183329485107,1.985001485001485,3.8928571428571423
Axel Witsel,Belgium,1.0104895104895104,1.3187112676056338,5.103513045486031,3.2192604692604694,4.769657563025211
Ayase Ueda,Japan,1.0,1.1316901408450704,2.895363426460402,1.2946985446985448,4.025210084033613
Aymeric Laporte,Spain,1.0104895104895104,1.8739436619718308,6.444285153544215,2.0808954558954555,4.624737394957983
Aziz Behich,Australia,1.0314685314685315,1.2651408450704225,4.495833987531748,3.942641817641818,4.772058823529411
Azzedine Ounahi,Morocco,1.0951142191142191,1.7768028169014083,5.765341722465943,3.8908523908523907,3.13813025210084
Aïssa Laïdouni,Tunisia,1.0524475524475525,1.6550422535211267,4.467597552528284,3.4788758538758535,4.691701680672269
Baba Rahman,Ghana,1.0,1.393830985915493,4.0814315400600325,1.9489159489159489,3.7471491596638655
Badr Banoun,Morocco,1.0,1.0,4.032490187023782,1.5162236412236414,2.44327731092437
Bailey Wright,Australia,1.0,1.0316901408450705,2.0693070884322324,1.1216216216216217,2.8482142857142856
Bamba Dieng,Senegal,2.4923747928372206,1.2116901408450704,2.8242112676056337,1.5192307692307692,2.5403361344537814
Bartosz Bereszyński,Poland,1.0,1.0763802816901409,4.4242960055414455,3.5667508167508166,5.198228991596639
Bassam Al-Rawi,Qatar,1.0,1.2401408450704225,4.057405910875087,1.4256756756756757,4.132352941176471
Ben Davies,Wales,1.339030303030303,1.3924014084507044,4.6416287231586235,2.6856623106623108,3.7419243697478994
Benjamin Pavard,France,1.0,1.3679014084507042,4.277724082198106,1.679945054945055,2.142857142857143
Bernardo Silva,Portugal,1.0419580419580419,1.7470422535211267,5.526797737243131,2.0137362637362637,2.953031512605042
Bilal El Khannous,Morocco,1.0,1.2776901408450705,3.7198958670053104,1.2946985446985448,1.0
Borna Barišić,Croatia,1.020979020979021,1.1633802816901408,3.6647945047333175,1.502858627858628,5.384978991596639
Borna Sosa,Croatia,1.0104895104895104,1.3805915492957745,5.222665204340799,4.31986931986932,3.297268907563025
Boualem Khoukhi,Qatar,1.0,1.079880281690141,4.7510030016162546,3.788275913275913,3.6718529411764704
Boulaye Dia,Senegal,1.6897209534203754,1.1306901408450705,3.697794504733318,1.6027621027621026,3.942451680672269
Brandon Aguilera,Costa Rica,1.0,1.0316901408450705,3.4172761486954517,1.5068681318681318,2.872598739495799
Breel Embolo,Switzerland,2.3808778042766483,1.0835,3.762273377972755,1.4935031185031185,2.5970588235294114
Brenden Aaronson,United States,1.062937062937063,1.2200704225352113,4.035479104132994,2.2857142857142856,1.8256302521008405
Brennan Johnson,Wales,1.4842797202797202,1.1485,2.9526169475871624,1.2338877338877339,1.5861344537815125
Bruno Fernandes,Portugal,1.8719028254982013,1.9052323943661973,5.676091202955438,3.122364122364122,3.5361344537815125
Bruno Guimarães,Brazil,2.6610349650349647,1.1600704225352112,3.8678199030247056,1.1730769230769231,5.014705882352941
Bruno Petković,Croatia,1.4832606545670128,1.376330985915493,3.271662202724544,2.0384615384615383,4.075737394957983
Bryan Mbeumo,Cameroon,1.289249417249417,1.2882605633802817,3.372608635419072,1.4554128304128304,2.4713172268907564
Bryan Oviedo,Costa Rica,1.0,1.0316901408450705,3.8797804202262753,2.9462800712800714,5.014705882352941
Bryan Ruiz,Costa Rica,1.0,1.0,3.0601549295774646,1.2596153846153846,4.160714285714286
Bukayo Saka,England,2.4408191115243136,1.2660704225352113,4.3485693835142,2.914204039204039,3.3728991596638656
Callum Wilson,England,1.0,1.749,3.915146617409374,1.0,4.535714285714286
Cameron Carter-Vickers,United States,1.0,1.2267605633802816,3.9547831909489726,1.4163201663201663,2.767857142857143
Carlos Gruezo,Ecuador,1.0,1.0,4.129462018009697,1.1730769230769231,1.9642857142857142
Carlos Martínez,Costa Rica,1.0,1.0,3.085507042253521,1.4811404811404811,3.9180672268907566
Carlos Soler,Spain,2.9292261341741117,1.670781690140845,4.4377326252597555,1.0,1.75
Casemiro,Brazil,1.488317070213024,1.8413732394366198,5.845023551142923,5.630977130977131,5.08718487394958
Celso Borges,Costa Rica,1.0,1.3665915492957748,4.448667975063496,3.8858405108405107,5.9789915966386555
Charles De Ketelaere,Belgium,1.0,1.0,3.2753521126760563,1.0,1.3214285714285714
Charly Rodríguez,Mexico,1.0,1.0633802816901408,3.448833987531748,1.3461538461538463,1.8823529411764706
Cheikhou Kouyaté,Senegal,1.0,1.1566901408450705,3.670842299699838,1.9108256608256609,3.38160294117647
Cho Guesung,Korea Republic,2.3680500154951023,1.256950704225352,3.424371969522051,1.7016632016632016,4.750327731092437
Cho Yumin,Korea Republic,1.0,1.0,1.0,1.0,2.142857142857143
Chris Mepham,Wales,1.0,1.2718309859154928,4.743468021242208,3.3452257202257205,5.176970588235294
Christian Bassogog,Cameroon,1.0,1.0,2.7229295774647886,1.1607142857142856,3.2857142857142856
Christian Eriksen,Denmark,1.150937062937063,1.8003028169014086,5.306899330408681,2.0127338877338876,2.5504201680672267
Christian Fassnacht,Switzerland,6.706293706293706,1.0316901408450705,3.1507042253521123,1.0608108108108107,2.5714285714285716
Christian Nørgaard,Denmark,1.0,1.8767605633802815,3.862380281690141,1.0,2.4285714285714284
Christian Pulisic,United States,1.9474637347238501,1.5992112676056338,4.2948457631032095,1.5800415800415801,2.656813025210084
Christopher Wooh,Cameroon,1.0419580419580419,1.0,3.657321172939275,2.1313483813483813,1.7815126050420167
Cody Gakpo,Netherlands,1.7431682768098953,1.431330985915493,4.192820133918264,4.270084645084645,3.71953781512605
Collins Fai,Cameroon,1.0104895104895104,1.543161971830986,4.043166474255369,2.847378972378972,5.440126050420168
Connor Roberts,Wales,1.0,1.2295704225352113,4.267360886631263,2.192159192159192,3.0892857142857144
Craig Goodwin,Australia,1.546197717504076,1.3241408450704224,3.5774931886400365,2.047817047817048,2.9009600840336134
Cristian Romero,Argentina,1.0,1.4232816901408452,6.046434310782729,4.695092070092071,6.08109243697479
Cristiano Ronaldo,Portugal,1.9690844954659983,1.3120704225352113,3.9548621565458317,1.0608108108108107,4.801170168067227
Cyle Larin,Canada,1.3438321678321679,1.3567605633802817,3.554636804433157,1.1216216216216217,3.7297415966386556
César Azpilicueta,Spain,1.0,1.6794718309859156,5.01013276379589,1.5934065934065935,3.9968487394957988
César Montes,Mexico,1.062937062937063,1.4669014084507044,4.752470791964905,2.5095782595782596,3.591161764705882
Daichi Kamada,Japan,1.2634778554778556,1.5099718309859154,4.276405910875086,2.3074324324324325,3.3394957983193274
Daizen Maeda,Japan,1.8186075966422788,1.025,2.543985915492958,2.434065934065934,2.336455882352941
Daley Blind,Netherlands,1.380663675438242,1.8767535211267605,5.985181251443085,4.296814671814671,3.8353088235294117
Damian Szymański,Poland,1.0,1.0,4.038028169014084,1.1607142857142856,2.2857142857142856
Dani Alves,Brazil,1.1468531468531469,1.3743309859154929,4.291366428076657,2.048819423819424,5.036764705882353
Dani Carvajal,Spain,1.0,1.3187112676056338,4.4144142230431775,1.4687778437778438,2.2857142857142856
Dani Olmo,Spain,1.9654063624237035,1.4361408450704225,4.982538443777418,2.702034452034452,2.3046218487394956
Daniel Amartey,Ghana,1.083916083916084,1.3669014084507043,4.8442031863311,3.4234110484110483,5.112344537815127
Daniel Chacón,Costa Rica,1.0,1.0,4.008450704225352,1.0608108108108107,3.571428571428571
Daniel James,Wales,1.0,1.0585,3.2572225813899798,1.4935031185031185,2.6323529411764706
Daniel Kyereh,Ghana,1.0,1.1998802816901408,3.52916624336181,1.4163201663201663,1.8571428571428572
Danilo,Brazil,1.0104895104895104,1.808992957746479,5.57301200646502,2.5650430650430653,5.339915966386554
Danilo Pereira,Portugal,1.0,1.1767605633802818,4.1311466174093745,2.010729135729136,5.149460084033613
Darko Lazović,Serbia,1.0524475524475525,1.0,2.808154929577465,1.0,3.0
Darwin Núñez,Uruguay,1.2455198135198136,1.187,3.2833352574463173,1.7273908523908525,3.2996701680672267
David Raum,Germany,1.0,1.6567112676056337,4.961949896097899,4.496621621621622,3.710871848739496
David Wotherspoon,Canada,1.0,1.0316901408450705,2.7510281690140848,1.1730769230769231,3.0
Davy Klaassen,Netherlands,1.6482323995850008,1.5461408450704224,3.900355114292311,1.8881051381051381,3.4359243697478994
Dayot Upamecano,France,1.0104895104895104,2.0773239436619715,6.279989609789887,4.572133947133947,3.297268907563025
DeAndre Yedlin,United States,1.0,1.5771901408450704,3.172211267605634,1.2946985446985448,4.693277310924369
Declan Rice,England,1.0,1.6349225352112677,6.014102054952667,4.283449658449658,3.0577731092436977
Dejan Lovren,Croatia,1.0419580419580419,1.4921619718309858,6.602941583929808,5.54510692010692,5.284598739495799
Denis Odoi,Ghana,1.0,1.0,4.029577464788733,1.5543139293139294,2.7142857142857144
Denis Zakaria,Switzerland,1.0734265734265733,1.1715704225352113,3.843571923343339,1.716030591030591,2.7387457983193277
Denzel Dumfries,Netherlands,1.2993226349758142,1.3498309859154929,4.956451396906027,4.047557172557173,6.673642857142856
Diego Godín,Uruguay,1.0314685314685315,1.221830985915493,4.17268182867698,1.708011583011583,4.728571428571428
Diogo Dalot,Portugal,1.103822843822844,1.518830985915493,4.3570228584622495,3.286085536085536,3.1688172268907566
Djibril Sow,Switzerland,1.062937062937063,1.345450704225352,4.526538443777419,1.4945054945054945,2.763955882352941
Djorkaeff Reasco,Ecuador,1.0,1.0316901408450705,4.012676056338028,1.0,1.8907563025210083
Dries Mertens,Belgium,2.3006806526806525,1.3276901408450705,3.214969060263219,1.1730769230769231,3.4285714285714284
Dušan Tadić,Serbia,1.0314685314685315,1.6385211267605633,4.4493274070653435,2.199175824175824,4.5210084033613445
Dušan Vlahović,Serbia,3.8654742713933468,1.0,2.7644620180096977,1.0865384615384615,2.553571428571429
Dylan Bronn,Tunisia,1.0419580419580419,1.1822605633802816,3.980338259062572,1.6923076923076923,2.845888655462185
Eden Hazard,Belgium,1.2366247086247086,1.3399507042253522,3.9698566151004386,1.3337912087912087,3.517857142857143
Edimilson Fernandes,Switzerland,1.020979020979021,1.156380281690141,3.927949434310783,2.196168696168696,1.9894957983193278
Edinson Cavani,Uruguay,1.2202797202797202,1.2448802816901408,3.5234564765643044,1.0,5.072178571428571
Edson Álvarez,Mexico,1.1464895104895105,1.1980704225352112,3.9138817824982683,2.197171072171072,4.577411764705882
Eduardo Camavinga,France,1.0,1.1770704225352113,4.370639575155852,3.750853875853876,3.7289915966386555
Ehsan Hajsafi,IR Iran,1.062937062937063,1.2471408450704224,3.6596735165088896,2.4815117315117314,4.882352941176471
Ellyes Skhiri,Tunisia,1.020979020979021,1.5601619718309858,4.893625952435927,3.5189708939708937,4.6113445378151265
Enner Valencia,Ecuador,3.0409026503361765,1.2218802816901408,3.569264834911106,1.9746435996435996,3.454201680672269
Enzo Ebosse,Cameroon,1.0,1.0633802816901408,3.990402909258832,1.8232848232848233,3.7857142857142856
Enzo Fernández,Argentina,1.3191758761469745,2.601676056338028,7.057440544908797,5.023203148203148,4.6853991596638656
Eray Cömert,Switzerland,1.0,1.1296901408450704,3.9754479335026556,1.616127116127116,3.3865546218487395
Eric Dier,England,1.0,1.0316901408450705,4.113915492957746,1.0865384615384615,3.3287815126050417
Eric Maxim Choupo-Moting,Cameroon,1.8056678658528371,1.2474507042253522,3.614507273147079,1.5676789426789428,4.062892857142857
Erick Gutiérrez,Mexico,1.0,1.1553802816901408,3.6768422996998384,1.4687778437778438,5.2289915966386555
Ethan Ampadu,Wales,1.0104895104895104,1.5775422535211268,4.690637266220272,4.154811404811404,2.9340861344537816
Everton Ribeiro,Brazil,1.0,1.3133802816901408,3.686093050103902,1.0865384615384615,3.142857142857143
Exequiel Palacios,Argentina,1.1258741258741258,1.428450704225352,3.9702029554375438,1.3822393822393821,1.907563025210084
Fabian Frei,Switzerland,1.0,1.0,2.996605633802817,1.2472527472527473,2.7394957983193278
Fabian Rieder,Switzerland,1.0,1.0976901408450703,2.6843915954744864,1.6665800415800416,2.4936974789915967
Fabian Schär,Switzerland,1.0944055944055944,1.3267605633802817,3.8998958670053105,2.0932580932580933,5.043067226890757
Fabinho,Brazil,1.0,1.3267605633802817,4.2462791503117066,1.541951291951292,2.7650273109243697
Facundo Pellistri,Uruguay,1.083916083916084,1.1061901408450705,3.465233895174325,1.4677754677754677,1.4789915966386555
Famara Diedhiou,Senegal,2.3103450152929925,1.1781901408450703,3.2925887785730783,1.1216216216216217,3.801420168067227
Federico Valverde,Uruguay,1.150937062937063,1.8989929577464788,5.309769799122604,3.5086130086130085,2.9994747899159666
Ferjani Sassi,Tunisia,1.0419580419580419,1.439950704225352,3.566510043869776,1.5068681318681318,5.418067226890756
Ferrán Torres,Spain,2.2695459530835254,1.1141901408450705,3.8629974601708614,1.1730769230769231,1.5609243697478992
Filip Kostić,Serbia,1.0104895104895104,1.2705704225352112,3.755377741861002,2.0992723492723493,3.2436974789915967
Filip Mladenović,Serbia,1.0314685314685315,1.0633802816901408,3.5717155391364583,1.2338877338877339,4.642857142857142
Filip Đuričić,Serbia,1.0,1.6429999999999998,3.5370281690140843,1.0,3.7864642857142856
Firas Al-Buraikan,Saudi Arabia,1.0419580419580419,1.0991901408450704,3.6440847379358114,2.6896718146718146,2.63152731092437
Fodé Ballo-Touré,Senegal,1.0,1.0,2.9172535211267605,1.1730769230769231,4.0
Fran Karačić,Australia,1.1783216783216783,1.255450704225352,3.468811590856615,2.023091773091773,3.379201680672269
Francisco Calvo,Costa Rica,1.0104895104895104,1.1517605633802817,4.2381692449780655,2.568050193050193,6.080581932773109
Fred,Brazil,1.4092587412587414,1.3671408450704226,4.520068113599631,1.6151247401247402,3.32563025210084
Frenkie de Jong,Netherlands,1.4042177398709192,1.8788732394366197,6.221009235742323,4.2236412236412235,5.0296617647058826
Félix Torres Caicedo,Ecuador,1.0419580419580419,1.1945704225352112,4.506867697991226,2.943272943272943,3.439352941176471
Gabriel Jesus,Brazil,1.6257995337995337,1.3855704225352112,3.768690371738628,1.4945054945054945,3.0073529411764706
Garang Kuol,Australia,2.613034965034965,1.0,2.8422535211267608,1.1607142857142856,1.8816029411764705
Gareth Bale,Wales,1.7891518115795573,1.1833802816901409,3.3530452551373813,1.4811404811404811,4.440848739495799
Gavi,Spain,1.4047480226902191,1.3011408450704225,4.561960748095128,2.4938743688743688,2.8346764705882355
Gaël Ondoua,Cameroon,1.0,1.0950704225352113,3.987355114292311,1.6675824175824174,2.9782415966386555
Georges-Kévin N'Koudou,Cameroon,2.0243636363636366,1.1981901408450704,3.3836873701223733,1.0,2.0966386554621845
Germán Pezzella,Argentina,1.2517482517482517,1.0316901408450705,4.046771877164627,1.0,3.407563025210084
Gerson Torres,Costa Rica,1.020979020979021,1.1405,4.105633802816901,1.1730769230769231,2.1764705882352944
Ghaylène Chaalali,Tunisia,1.0,1.0316901408450705,3.345659201108289,1.5553163053163053,4.453781512605042
Gideon Mensah,Ghana,1.0,1.4243802816901407,3.7458367582544443,1.8850980100980101,3.143607142857143
Gio Reyna,United States,1.104895104895105,1.2016901408450704,3.278645116601247,1.1730769230769231,3.4642857142857144
Giorgian De Arrascaeta,Uruguay,4.174084104719943,1.2615704225352111,3.3332706072500575,1.8149316899316899,2.071428571428571
Gleison Bremer,Brazil,1.1468531468531469,1.0731901408450704,4.237588778573079,1.785194535194535,4.264705882352941
Gonzalo Montiel,Argentina,1.020979020979021,1.3117605633802816,4.055769106441931,1.6542174042174043,5.278661764705882
Gonzalo Plata,Ecuador,1.1404475524475526,1.1450704225352113,3.88033248672362,2.1002747252747254,2.981733193277311
Gonçalo Ramos,Portugal,4.308210410013878,1.2086901408450703,3.7487550219348877,1.2081600831600832,2.4861344537815127
Granit Xhaka,Switzerland,1.283916083916084,1.7404929577464787,6.038029323481875,2.785565785565786,5.009228991596639
Grzegorz Krychowiak,Poland,1.0104895104895104,1.3215211267605633,4.237445393673516,3.691045441045441,5.328867647058823
Guido Rodríguez,Argentina,1.0,1.0633802816901408,3.8727296236435005,1.406964656964657,4.321428571428571
Guillermo Varela,Uruguay,1.0,1.1440704225352114,3.777645347494805,1.9756459756459757,3.32488025210084
Haji Wright,United States,2.2887205357263163,1.1618802816901408,3.5072761486954516,1.2338877338877339,2.8147100840336137
Hakim Ziyech,Morocco,1.2589910128407238,1.7145422535211268,5.8813137843454175,5.446539946539947,4.5160567226890755
Hannibal Mejbri,Tunisia,1.0,1.0,4.016901408450704,1.2472527472527473,1.1428571428571428
Haris Seferović,Switzerland,1.2517482517482517,1.0635,3.2756873701223737,1.3461538461538463,2.418067226890756
Harry Kane,England,2.3182107064419206,1.626281690140845,4.268983837450936,1.8232848232848233,3.231174369747899
Harry Maguire,England,1.139916083916084,1.8338732394366197,6.424707919649042,4.03552866052866,5.410189075630252
Harry Souttar,Australia,1.020979020979021,1.3352112676056338,4.623901639344262,4.859815859815859,3.2759600840336134
Harry Wilson,Wales,1.0524475524475525,1.2075704225352113,3.690614176864466,1.8623774873774874,2.63160294117647
Hassan Al Tambakti,Saudi Arabia,1.0,1.0316901408450705,3.6454423920572614,2.7123923373923375,3.6754201680672267
Hassan Al-Haydos,Qatar,1.1278228438228437,1.2894507042253522,4.160842530593396,1.7283932283932284,3.0294117647058822
Hattan Bahebri,Saudi Arabia,1.0,6.625,2.7425774647887327,1.0,5.550420168067227
Henry Martín,Mexico,2.463474352237358,1.2469999999999999,3.097887323943662,1.8149316899316899,4.032773109243697
Hidemasa Morita,Japan,1.1377808857808858,1.585661971830986,4.81825121219118,3.283078408078408,3.4319474789915967
Hiroki Ito,Japan,1.0,1.3535211267605634,4.27932417455553,1.0,4.182773109243698
Hiroki Sakai,Japan,1.5664335664335665,1.2277605633802817,3.378856615100439,2.426046926046926,3.511308823529412
Hirving Lozano,Mexico,1.3587599067599068,1.3886901408450705,3.4398256753636574,2.358887733887734,3.095506302521008
Homam Ahmed,Qatar,1.0,1.0831901408450704,3.783276148695452,1.5553163053163053,4.553978991596638
Hong Chul,Korea Republic,1.0,1.1633802816901408,3.7989494343107824,1.5676789426789428,4.75
Hossein Kanaanizadegan,IR Iran,1.0,1.0,3.2443802816901406,1.4554128304128304,3.4285714285714284
Hwang Hee-chan,Korea Republic,3.474211999946104,1.1175,3.693109905333641,1.0865384615384615,3.004201680672269
Hwang In-beom,Korea Republic,1.134937062937063,2.126774647887324,5.553984068344493,2.122995247995248,3.427113445378151
Hwang Ui-jo,Korea Republic,1.4195804195804196,1.0,3.530056338028169,1.0608108108108107,2.4589642857142855
Héctor Herrera,Mexico,1.0,1.1795704225352113,3.9950480258600787,2.0013736263736264,5.466911764705882
Héctor Moreno,Mexico,1.062937062937063,1.6503028169014087,5.064668205957053,1.9231882981882982,4.727594537815126
Ibrahima Konaté,France,1.2085407925407925,1.7601830985915492,5.678479565920111,5.261434511434511,3.674670168067227
Idrissa Gana Gueye,Senegal,1.2033846153846155,1.371330985915493,4.266650888940198,2.678311553311554,5.536554621848739
Ilias Chair,Morocco,1.0,1.1316901408450704,3.677056338028169,1.0865384615384615,2.0
Iliman Ndiaye,Senegal,1.0944055944055944,1.3315000000000001,3.578095820826599,1.5068681318681318,1.4285714285714286
Ismail Jakobs,Senegal,1.0,1.4145211267605635,4.130546755945509,3.0134392634392637,4.3185231092436975
Ismaila Sarr,Senegal,1.7458158103938453,1.3180704225352113,3.78305379819903,2.0745470745470747,3.1649159663865545
Ismaël Koné,Canada,1.0,1.463781690140845,4.481932579081044,1.0,1.2857142857142856
Issam Jebali,Tunisia,1.4033939393939394,1.1235,3.3955211267605634,1.6151247401247402,3.8747436974789915
Ivan Ilić,Serbia,1.0,1.3595704225352112,3.947183098591549,1.1607142857142856,3.571428571428571
Ivan Perišić,Croatia,1.3930803993694167,1.5500915492957748,5.410888016624336,5.018191268191268,5.163672268907563
Iñaki Williams,Ghana,1.104895104895105,1.072,3.385377510967444,1.987006237006237,3.1633403361344534
Jack Grealish,England,2.9141808480536806,1.327880281690141,4.2129016393442615,2.148722898722899,1.9642857142857142
Jackson Irvine,Australia,1.1363636363636362,1.1013802816901408,4.6742934657123065,3.526321651321651,5.871792016806722
Jackson Porozo,Ecuador,1.0524475524475525,1.0316901408450705,3.9030704225352113,2.0715399465399464,3.810924369747899
Jakub Kamiński,Poland,1.2508531468531467,1.0896901408450703,3.242011313784346,2.333160083160083,1.8760504201680672
Jakub Kiwior,Poland,1.0104895104895104,1.3294014084507042,4.691724082198107,3.4204039204039205,3.276174369747899
Jamal Musiala,Germany,1.982797202797203,1.516880281690141,4.561355345185869,1.7664835164835164,1.9887457983193277
Jamie Maclaren,Australia,1.0,1.082,2.464380281690141,1.1607142857142856,2.760924369747899
Jan Bednarek,Poland,1.0,1.0316901408450705,4.025352112676057,1.0,2.142857142857143
Jan Vertonghen,Belgium,1.062937062937063,1.2396408450704226,5.2737947356268755,2.8794550044550045,4.369428571428571
Jason Cummings,Australia,1.0,1.0316901408450705,3.0882084968829373,1.0,1.9642857142857142
Jawad El Yamiq,Morocco,1.1088018648018647,1.0793802816901408,4.621881782498268,4.221970596970596,4.346317226890756
Jean-Charles Castelletto,Cameroon,2.05986633790102,1.3151408450704225,4.170645347494805,3.2997846747846746,3.784138655462185
Jeong Woo-yeong,Korea Republic,1.062937062937063,1.1,3.5336873701223737,1.0608108108108107,1.8907563025210083
Jeremy Doku,Belgium,1.0,1.7105000000000001,2.8297859616716696,1.0,1.2142857142857142
Jeremy Sarmiento,Ecuador,1.35609324009324,1.1906901408450703,3.051915492957747,1.3337912087912087,2.9797415966386556
Jerome Ngom Mbekeli,Cameroon,1.0,3.7,2.516901408450704,1.0608108108108107,3.8928571428571423
Jesper Lindstrøm,Denmark,1.2668531468531468,1.0766901408450704,3.5657945047333177,2.0003712503712503,3.082983193277311
Jesús Ferreira,United States,1.0,1.1,3.6274084507042255,1.0865384615384615,1.4285714285714286
Jesús Gallardo,Mexico,1.0419580419580419,1.4017112676056338,3.9843551142923115,3.413053163053163,4.850840336134454
Jewison Bennette,Costa Rica,1.0419580419580419,1.0,3.4805352112676053,1.3461538461538463,1.0
Jhegson Méndez,Ecuador,1.0,1.2651408450704225,4.670884784114524,2.086909711909712,4.772058823529411
Joachim Andersen,Denmark,1.1194685314685315,2.1002042253521127,5.3502091895636115,2.4220374220374223,3.5052016806722692
Joakim Mæhle,Denmark,1.0104895104895104,1.2626408450704225,4.570952435927037,3.676678051678052,2.1073529411764707
Joe Allen,Wales,1.104895104895105,1.1113802816901408,3.763673285615331,1.6635729135729136,2.5
Joe Morrell,Wales,1.0,1.0316901408450705,3.7215887785730777,1.7664835164835164,1.8823529411764706
Joe Rodon,Wales,1.0,1.0651901408450704,4.5574479335026545,2.9526284526284527,3.920808823529412
Joel Campbell,Costa Rica,1.0,1.1450704225352113,4.510141306857539,2.5413201663201663,4.456523109243697
Johan Venegas,Costa Rica,1.0,1.0615,3.4467323943661965,1.1216216216216217,2.8466386554621845
John Stones,England,1.1294265734265734,1.6648028169014086,6.963009466635881,2.3395084645084645,3.950840336134453
Jonas Hofmann,Germany,2.6601398601398603,1.6633802816901408,3.550588778573078,1.3461538461538463,2.2857142857142856
Jonathan David,Canada,1.6393193473193473,1.2136408450704226,3.5514705610713455,1.0865384615384615,2.1778214285714284
Jonathan Osorio,Canada,1.0524475524475525,1.347450704225352,4.072504271530825,1.3946020196020197,3.168067226890756
Jordan Ayew,Ghana,1.2074685314685314,1.4295,3.668684599399677,1.4811404811404811,2.6575630252100844
Jordan Henderson,England,1.4265747200776104,1.4815915492957745,4.915682290464096,2.0260989010989015,4.286764705882353
Jordan Morris,United States,1.0,1.0,1.7711267605633803,1.0,2.071428571428571
Jordan Veretout,France,1.0,1.0950704225352113,3.981870468713923,1.2946985446985448,2.44327731092437
Jordi Alba,Spain,1.0104895104895104,2.4372746478873237,6.43348556915262,2.469149094149094,3.1365546218487395
Jorge Eduardo Sánchez,Mexico,1.1464895104895105,1.2552605633802818,4.299087739552066,2.401321651321651,4.511764705882353
Josh Sargent,United States,1.3722797202797203,1.0891901408450704,3.888997229277303,1.3337912087912087,2.44252731092437
Joshua Kimmich,Germany,1.4805407925407925,2.257443661971831,5.891798199030248,3.014107514107514,4.778991596638655
Josip Juranović,Croatia,1.0104895104895104,1.93356338028169,6.289195335950127,4.298151173151173,2.845888655462185
Josip Stanišić,Croatia,1.020979020979021,1.0,3.4908000461787116,1.4203296703296704,3.810924369747899
Josip Šutalo,Croatia,1.0,1.0316901408450705,4.223811359963058,1.4771309771309773,1.4285714285714286
José Cifuentes,Ecuador,1.4394685314685316,1.0633802816901408,3.5188986377280074,1.406964656964657,2.2436974789915967
José María Giménez,Uruguay,1.062937062937063,1.3650915492957747,4.821803278688525,4.178534303534304,4.879447478991597
João Cancelo,Portugal,1.0878228438228439,1.3459014084507044,5.349248441468483,2.5867612117612118,4.3813844537815125
João Félix,Portugal,1.704518964657693,1.426330985915493,4.228741168321404,1.5676789426789428,4.845287815126051
João Mário,Portugal,1.0,1.1386901408450705,4.09307896559686,1.5192307692307692,2.178571428571429
João Palhinha,Portugal,1.062937062937063,1.3871901408450704,3.739419764488571,1.5676789426789428,2.2289915966386555
Joško Gvardiol,Croatia,1.168362450651468,1.852443661971831,7.057502193488802,7.181318681318682,3.116859243697479
Juan Foyth,Argentina,1.0,1.0,3.27112676056338,1.0,1.8571428571428572
Juan Pablo Vargas,Costa Rica,2.8829028389722033,1.2,3.5492394366197186,2.2756905256905258,4.214285714285714
Jude Bellingham,England,1.4899589042941643,1.9084225352112676,5.718538674670977,4.918956043956044,2.6689075630252104
Jules Koundé,France,1.0926247086247087,1.8582535211267603,5.212405910875086,4.453519453519453,3.920871848739496
Julián Álvarez,Argentina,2.624598946333051,1.1993802816901409,4.189752251212191,2.9132016632016633,3.524909663865546
Jung Woo-young,Korea Republic,1.0104895104895104,1.9262535211267606,5.230383745093512,2.8597416097416097,7.250525210084033
Junior Hoilett,Canada,1.083916083916084,1.2905704225352113,3.8116594320018473,1.853021978021978,4.176470588235294
Junya Ito,Japan,1.1271142191142192,1.305380281690141,3.636098822442854,3.466513216513216,2.927821428571429
Jurriën Timber,Netherlands,1.0,2.0265845070422532,5.975057030708843,4.60922185922186,5.606178571428571
Kai Havertz,Germany,4.480929975612057,1.3693802816901408,3.7730875086585085,1.2472527472527473,1.9327731092436973
Kalidou Koulibaly,Senegal,1.4093037983211394,1.430281690140845,4.8242145001154455,4.8765221265221275,5.0879159663865545
Kalvin Phillips,England,1.0,1.598380281690141,3.8186873701223734,1.0608108108108107,2.0966386554621845
Kamal Miller,Canada,1.0,1.665492957746479,5.180408912491341,3.004083754083754,3.8117499999999995
Kamaldeen Sulemana,Ghana,1.5077389277389277,1.0,2.745490187023782,1.1216216216216217,3.7297415966386556
Kamil Glik,Poland,1.062937062937063,1.0633802816901408,4.478814130685754,3.400022275022275,4.263741596638656
Kamil Grosicki,Poland,1.0,3.25,3.0263521126760566,1.0,3.2857142857142856
Kaoru Mitoma,Japan,1.199114219114219,1.4536901408450704,3.712076194874163,2.923559548559549,3.047058823529412
Karim Ansarifard,IR Iran,1.1783216783216783,1.375,3.4464788732394367,1.3337912087912087,2.5
Karim Boudiaf,Qatar,1.0,1.358211267605634,4.422394597090742,1.3555093555093556,4.5542058823529405
Karl Toko Ekambi,Cameroon,1.248895104895105,1.2575704225352111,3.7118732394366196,1.581043956043956,2.7357142857142858
Karol Świderski,Poland,1.0,1.0,4.059154929577465,1.6675824175824174,2.875
Kasper Dolberg,Denmark,1.535841491841492,1.079,3.741022627568691,1.1473492723492724,2.014705882352941
Keanu Baccus,Australia,1.0419580419580419,1.0633802816901408,3.2496564303855924,2.3341624591624592,2.734768907563025
Kellyn Acosta,United States,1.0,1.107,3.5666056338028165,1.2596153846153846,5.0966386554621845
Kendall Waston,Costa Rica,1.1696037296037296,1.0916901408450703,3.861112676056338,3.606845856845857,4.131388655462185
Kenneth Taylor,Netherlands,1.0,1.0316901408450705,4.087208496882937,1.0,1.2857142857142856
Kevin De Bruyne,Belgium,1.2625827505827505,1.722232394366197,4.773519279612099,1.6151247401247402,4.642857142857142
Kevin Álvarez,Mexico,1.0,1.0961901408450705,3.2239240360193953,1.715028215028215,1.5357142857142856
Keysher Fuller,Costa Rica,1.6483252085101796,1.1168802816901409,3.5319127222350497,2.7217478467478466,2.3361344537815123
Kieffer Moore,Wales,1.6434032634032634,1.2150704225352111,3.477949434310783,2.3528734778734774,4.403228991596639
Kieran Trippier,England,1.020979020979021,1.4575915492957747,5.043541445393673,2.442419067419068,4.43235294117647
Kim Jin-su,Korea Republic,1.0944055944055944,1.316450704225352,4.240698914800277,2.997735372735373,4.024567226890756
Kim Min-jae,Korea Republic,1.0314685314685315,1.6186126760563382,5.013803278688525,2.8463765963765963,3.902392857142857
Kim Moonhwan,Korea Republic,1.0,1.531161971830986,5.1075693835142,3.913907038907039,3.597388655462185
Kim Young-gwon,Korea Republic,1.4940675586455932,1.6032323943661972,5.4215275917801895,2.9299079299079303,5.06985294117647
Kingsley Coman,France,1.104895104895105,1.1611901408450704,3.8141662433618104,2.161085536085536,2.7387457983193277
Ko Itakura,Japan,1.1404475524475526,1.321330985915493,4.331983144770261,3.5677531927531927,3.9117647058823524
Koke,Spain,1.0,1.2132605633802818,4.094684599399677,1.0865384615384615,2.7142857142857144
Kristijan Jakić,Croatia,1.0,1.0,1.0,1.0,2.0
Krystian Bielik,Poland,1.0734265734265733,1.1794507042253521,4.397972061879473,2.7742055242055246,3.6546218487394952
Krzysztof Piątek,Poland,1.0944055944055944,1.0,2.0370281690140843,1.0,2.5267857142857144
Krépin Diatta,Senegal,1.1962703962703962,1.1945704225352112,4.132912953128608,1.1730769230769231,3.5658760504201683
Kudus Mohammed,Ghana,2.3369666248972605,1.2177605633802817,3.883493188640037,2.2857142857142856,2.57563025210084
Kwon Chang-hoon,Korea Republic,1.0,1.2238802816901408,3.447490187023782,1.0865384615384615,2.071428571428571
Kwon Kyung-won,Korea Republic,1.020979020979021,1.0316901408450705,4.043304317709536,1.7985595485595485,3.4107142857142856
Kye Rowles,Australia,1.0,1.075880281690141,4.6712366658970215,5.347972972972973,3.2759600840336134
Kyle Walker,England,1.0,1.4055915492957747,5.111783652736089,2.27034452034452,4.397808823529411
Kylian Mbappé,France,3.3432689545521916,2.075542253521127,5.425124682521358,1.0,2.91218487394958
Lautaro Martínez,Argentina,2.2994312354312356,1.21,3.6316338028169017,1.3337912087912087,3.0073529411764706
Leander Dendoncker,Belgium,1.0524475524475525,1.2741408450704226,5.016803278688524,2.5155925155925156,4.612094537815127
Leandro Paredes,Argentina,1.117156177156177,1.8514225352112677,5.580963980604942,2.5907707157707156,6.615546218487395
Leandro Trossard,Belgium,1.0,1.2577605633802817,3.688414223043177,1.2596153846153846,2.4285714285714284
Lee Jae-sung,Korea Republic,1.0104895104895104,1.2122605633802817,4.088140845070422,2.555687555687556,3.515670168067227
Lee Kangin,Korea Republic,1.257072261072261,1.8331408450704225,4.340490648810898,1.3461538461538463,2.3361344537815123
Leon Goretzka,Germany,1.4247272727272726,1.1235704225352112,3.5644056799815287,1.7664835164835164,4.593697478991596
Leroy Sané,Germany,1.0944055944055944,1.7171408450704226,4.159946894481644,1.4935031185031185,2.982142857142857
Liam Millar,Canada,1.0,1.0,2.419208496882937,1.0,1.8907563025210083
Lionel Messi,Argentina,3.2283646603877814,2.621225352112676,7.780498037404756,1.7788461538461537,5.394457983193277
Lisandro Martínez,Argentina,1.0419580419580419,1.3780915492957746,4.648448164396213,3.371955746955747,3.7825630252100844
Lovro Majer,Croatia,2.6690630987509603,1.4939507042253521,4.14939459709074,1.5543139293139294,2.7394957983193278
Loïs Openda,Belgium,1.0,1.6925,2.838028169014084,1.2596153846153846,1.4285714285714286
Lucas Cavallini,Canada,1.0,1.0,4.012676056338028,1.0,2.310924369747899
Lucas Hernández,France,1.0,1.0316901408450705,2.5422535211267605,1.0865384615384615,2.142857142857143
Lucas Paquetá,Brazil,1.8098600051201208,1.6940422535211268,5.216310551835604,3.035825660825661,3.629411764705882
Luis Chávez,Mexico,1.7456889391918295,1.9319929577464787,4.399518817824983,2.468146718146718,3.379201680672269
Luis Suárez,Uruguay,1.438060606060606,1.3408802816901408,3.19307896559686,1.2081600831600832,4.320678571428571
Luka Jović,Serbia,1.1363636363636362,1.125,2.8591549295774645,1.3337912087912087,3.0877100840336134
Luka Modrić,Croatia,1.2096037296037296,2.7676971830985915,9.130591549295774,4.866498366498368,6.471552521008403
Lukas Klostermann,Germany,1.0,1.267380281690141,4.3763410297852685,1.3204261954261955,2.3193277310924367
Luke Shaw,England,1.0769790209790209,1.9518732394366198,6.809012699145693,2.5526804276804276,3.1885504201680677
Luuk de Jong,Netherlands,1.2622377622377623,1.1981901408450704,3.1304620180096974,1.2338877338877339,3.757352941176471
Majid Hosseini,IR Iran,1.0,1.1115704225352112,4.159414223043177,3.7582046332046333,4.4865546218487395
Manuel Akanji,Switzerland,1.5771359661533073,1.5003521126760564,5.553200646501962,3.2503341253341254,5.084197478991596
Marcelo Brozović,Croatia,1.1824055944055945,2.085394366197183,7.376367351650889,5.443532818532819,5.973949579831933
Marco Asensio,Spain,2.0523134591805112,1.1662605633802816,4.123704456245671,1.2596153846153846,2.254201680672269
Marcos Acuña,Argentina,1.020979020979021,1.4032112676056339,4.889242669129531,4.291802791802792,6.772283613445379
Marcos Llorente,Spain,1.020979020979021,1.435211267605634,4.435194643269452,1.0,1.9642857142857142
Marcus Rashford,England,4.783163318377191,1.1921901408450704,3.66391272223505,1.6542174042174043,2.4448529411764706
Marcus Thuram,France,1.167832167832168,1.4461901408450704,3.63457769568229,1.7273908523908525,3.956808823529412
Mario Götze,Germany,1.886946386946387,1.7816901408450705,3.9191662433618104,1.4326923076923077,2.7142857142857144
Mario Pašalić,Croatia,1.104895104895105,1.1700704225352112,4.203648118217503,3.3088060588060584,3.6186974789915967
Mark-Anthony Kaye,Canada,1.062937062937063,1.0316901408450705,3.844504271530824,1.1730769230769231,2.203781512605042
Marko Grujić,Serbia,3.118060606060606,1.4383802816901408,3.6548676979912265,1.1473492723492724,4.107142857142858
Marko Livaja,Croatia,2.043317407063072,1.2632605633802818,3.50396652043408,1.5676789426789428,3.971689075630252
Marquinhos,Brazil,1.0419580419580419,2.265845070422535,6.412583929808359,3.157447282447283,4.078781512605042
Marten de Roon,Netherlands,1.0,1.2780211267605635,4.192540983606557,2.9843703593703594,4.074665966386554
Martin Braithwaite,Denmark,1.062937062937063,1.131,3.2505887785730776,1.0,2.955357142857143
Martin Hongla,Cameroon,1.2392913752913752,1.407830985915493,3.8649916878319095,1.8500148500148499,4.025210084033613
Martinelli,Brazil,2.077892773892774,1.4135704225352113,3.662135303625029,1.5800415800415801,1.5861344537815125
Martín Cáceres,Uruguay,1.0,1.208450704225352,4.032064881089818,1.1216216216216217,5.953781512605042
Mason Mount,England,1.232895104895105,1.1430704225352113,4.089228353728931,1.5192307692307692,2.4621848739495795
Mateo Kovačić,Croatia,1.0897808857808857,2.6379366197183103,7.431998614638652,4.716141966141967,5.469237394957983
Matheus Nunes,Portugal,1.0314685314685315,1.1248802816901409,3.7087887323943662,1.1730769230769231,2.2100840336134455
Mathew Leckie,Australia,1.3480620882008165,1.3885211267605633,3.957642576772108,2.737117612117612,4.763430672268907
Mathias Jensen,Denmark,1.4007179487179489,1.4898309859154928,3.8458480720387893,1.4326923076923077,5.121848739495798
Mathías Olivera,Uruguay,1.0314685314685315,1.381830985915493,4.442374971138305,4.266075141075141,4.114705882352941
Matthias Ginter,Germany,1.0,1.0,4.012676056338028,1.0,2.203781512605042
Matthijs de Ligt,Netherlands,1.0,1.1762605633802816,4.038402909258831,1.2432432432432432,4.421626050420168
Matty Cash,Poland,1.0104895104895104,1.430281690140845,4.532836989148003,3.5914760914760913,5.677220588235294
Mattéo Guendouzi,France,1.0,1.1267605633802817,3.6552930039251903,1.0865384615384615,3.7857142857142856
Matías Vecino,Uruguay,1.1751142191142192,1.2765211267605634,4.14291872546756,3.0882833382833383,4.0472689075630255
Matías Viña,Uruguay,1.0,1.0,2.7310394827984297,1.3461538461538463,2.1764705882352944
Maxi Gómez,Uruguay,2.0727272727272728,1.15,3.2292084968829373,1.0,4.239495798319328
Maya Yoshida,Japan,1.0,1.1555704225352113,5.024504502424382,4.326217701217701,5.184344537815126
Mehdi Taremi,IR Iran,2.1409528275193015,1.5700211267605635,3.9484396213345647,2.7153994653994653,3.885728991596639
Mehdi Torabi,IR Iran,1.1888111888111887,1.521450704225352,3.9308988686215653,1.581043956043956,2.071428571428571
Memphis,Netherlands,2.1269874018082113,1.3566408450704226,4.161904410066958,1.9395604395604396,3.516281512605042
Michael Estrada,Ecuador,1.1363636363636362,1.3101408450704226,3.3242622950819674,1.7788461538461537,3.7335105042016803
Michał Skóraś,Poland,1.0419580419580419,1.1,3.7177042253521124,1.3337912087912087,3.810924369747899
Michel Aebischer,Switzerland,1.0,1.0,2.516901408450704,1.0,4.0
Michy Batshuayi,Belgium,2.3095925192341378,1.0911901408450704,3.227645116601247,1.2596153846153846,3.589586134453781
Miki Yamane,Japan,1.0,1.2007605633802818,3.5790143154006007,1.754120879120879,3.0861344537815123
Mikkel Damsgaard,Denmark,1.0,1.3752112676056338,3.9224086815977834,2.0745470745470747,1.6932773109243697
Milad Mohammadi,IR Iran,1.0,1.0316901408450705,3.4196423458785503,2.737117612117612,3.5682773109243695
Miloš Degenek,Australia,1.0,1.0950704225352113,3.6070789655968594,2.5733961983961984,5.764384453781513
Miloš Veljković,Serbia,1.0,1.0521901408450705,4.309160701916417,2.117983367983368,3.597388655462185
Mislav Oršić,Croatia,2.022807874206718,1.5283802816901408,3.8111551604710225,1.6665800415800416,3.100840336134454
Mitchell Duke,Australia,1.7666679601708504,1.2138802816901408,3.1678141306857537,2.2476239976239976,5.0124747899159665
Mohamed Ali Ben Romdhane,Tunisia,1.0,1.0950704225352113,3.1319859154929577,1.6057692307692308,3.9180672268907566
Mohamed Dräger,Tunisia,1.1468531468531469,1.2361901408450704,3.6524959593627337,1.8366498366498367,3.2468487394957983
Mohamed Kanno,Saudi Arabia,1.1928951048951049,1.5588521126760564,4.748448395289772,2.785565785565786,4.190002100840336
Mohammed Al-Breik,Saudi Arabia,1.9029650349650349,1.2274507042253522,3.97492703763565,1.8366498366498367,2.7357142857142858
Mohammed Muntari,Qatar,2.935903041082232,1.0715,3.8033098591549295,1.2946985446985448,3.8912815126050417
Mohammed Salisu,Ghana,1.6468544403573304,1.3870211267605634,4.336907411683214,3.5543881793881793,3.4548319327731094
Mohammed Waad,Qatar,1.0,1.1605,3.317605633802817,1.3946020196020197,1.8907563025210083
Moisés Caicedo,Ecuador,1.5524488459517363,1.496781690140845,4.547248210574925,2.654588654588655,3.7258403361344534
Montassar Talbi,Tunisia,1.088,1.3485915492957745,4.871870930501039,3.8006385506385505,3.2320189075630252
Morteza Pouraliganji,IR Iran,1.0314685314685315,1.3066408450704226,4.160417224659432,3.610855360855361,5.0474789915966385
Moumi Ngamaleu,Cameroon,1.0,1.1895704225352113,3.762022627568691,1.2596153846153846,2.4684873949579833
Musab Kheder,Qatar,1.0,1.0,4.02112676056338,1.0865384615384615,2.5714285714285716
Na Sang-ho,Korea Republic,1.2341351981351982,1.214880281690141,3.2988817824982686,1.4677754677754677,3.2468487394957983
Nader Ghandri,Tunisia,1.0,1.0,3.693321172939275,2.2693421443421444,3.4650357142857144
Nahuel Molina,Argentina,1.254821563792662,1.6662323943661972,5.661673747402447,4.054907929907929,2.0399159663865545
Nampalys Mendy,Senegal,1.020979020979021,1.5109718309859155,4.725096051720157,2.7030368280368284,3.6974789915966384
Nasser Al-Dawsari,Saudi Arabia,1.0,1.9316901408450704,4.054929577464788,1.1730769230769231,1.8907563025210083
Nathan Aké,Netherlands,1.0,1.9290140845070423,6.3039896097898875,4.540392040392041,4.267447478991597
Nathaniel Atkinson,Australia,1.0,1.0316901408450705,3.7112311244516283,1.8015666765666767,1.7142857142857142
Nawaf Al Abed,Saudi Arabia,1.1363636363636362,1.3213802816901408,3.753492957746479,1.1607142857142856,3.514705882352941
Nayef Aguerd,Morocco,1.0419580419580419,1.1580704225352112,4.530231124451628,3.237971487971488,3.7283487394957984
Naïm Sliti,Tunisia,1.1153846153846154,1.2925704225352113,3.3835412145001156,1.3204261954261955,3.4107142857142856
Neco Williams,Wales,1.0419580419580419,1.224950704225352,3.828819903024705,3.24498811998812,3.2192373949579833
Nemanja Gudelj,Serbia,1.0,1.0316901408450705,3.934836758254445,1.9014701514701515,5.414915966386555
Nemanja Maksimović,Serbia,1.0,1.305950704225352,3.9479014084507043,2.529959904959905,1.9642857142857142
Nemanja Radonjić,Serbia,1.1573426573426573,1.075,3.0762930039251906,1.0608108108108107,1.8571428571428572
Neymar,Brazil,3.1088891763342628,1.923042253521127,4.919271069037174,1.5934065934065935,2.815126050420168
Niclas Füllkrug,Germany,7.305672447013488,1.5526901408450704,3.0847437081505427,1.0,3.177571428571429
Nico Elvedi,Switzerland,1.0419580419580419,1.088380281690141,4.761265065804664,2.989716364716365,3.9042016806722684
Nico Schlotterbeck,Germany,1.0,1.4604014084507042,4.596684830293235,1.913832788832789,3.9180672268907566
Nico Williams,Spain,1.0734265734265733,1.1246901408450705,3.901371969522051,1.6923076923076923,1.9635357142857142
Nicola Zalewski,Poland,1.0,1.0,3.8177155391364583,1.5192307692307692,1.346638655462185
Nicolas Jackson,Senegal,1.0,1.5295,3.746478873239437,1.0,1.453781512605042
Nicolas Nkoulou,Cameroon,1.2801864801864802,1.1816901408450704,4.139095820826599,2.8092886842886844,4.26395588235294
Nicolás De La Cruz,Uruguay,1.7264055944055943,1.3380704225352114,3.6166705148926344,1.0,1.75
Nicolás Otamendi,Argentina,1.0,1.6893028169014084,7.547967213114754,5.809734184734185,7.325373949579831
Nicolás Tagliafico,Argentina,1.3367272727272728,1.274330985915493,4.620479104132994,5.157187407187407,4.87983193277311
Niklas Süle,Germany,1.0419580419580419,1.8909436619718312,5.735640267836527,2.0314449064449063,3.4650357142857144
Nikola Milenković,Serbia,1.062937062937063,1.3504014084507043,4.726701685522974,4.476239976239977,5.9963235294117645
Nikola Vlašić,Croatia,1.376904428904429,1.2982605633802817,3.988749480489494,1.5934065934065935,2.8419117647058822
Noah Okafor,Switzerland,1.0524475524475525,1.1316901408450704,3.4415352112676056,1.1730769230769231,1.9243697478991597
Nouhou Tolo,Cameroon,1.0,1.1749507042253522,4.190758023551143,4.13008613008613,4.181808823529412
Noussair Mazraoui,Morocco,1.1726247086247086,1.087880281690141,4.316977603324868,4.383687258687259,2.7095588235294117
Nuno Mendes,Portugal,1.0,1.612380281690141,3.968473331794043,1.4945054945054945,3.4642857142857144
Néstor Araujo,Mexico,1.0,1.158450704225352,3.8995128145924727,1.6294921294921294,4.2100840336134455
Olivier Giroud,France,2.8449094951291483,1.2027605633802816,3.6619157238513047,1.7243837243837246,5.27977731092437
Olivier Ntcham,Cameroon,2.127832167832168,2.0730704225352112,4.006876241052875,1.0608108108108107,2.142857142857143
Orbelín Pineda,Mexico,1.7132680652680652,1.2174507042253522,3.501907180789656,1.6923076923076923,2.1218487394957983
Osman Bukari,Ghana,3.5317923925785197,1.0765,3.2717155391364576,1.2215250965250966,2.5244600840336133
Otávio,Portugal,1.297780885780886,1.5234014084507042,4.518839990764258,1.8272943272943274,3.8834033613445382
Ousmane Dembélé,France,1.2168951048951049,1.502330985915493,4.772113137843454,2.78021978021978,4.794867647058823
Paik Seung-ho,Korea Republic,5.080009324009325,1.2680704225352113,3.448121219117987,1.2596153846153846,4.132352941176471
Pape Abou Cissé,Senegal,1.0,1.106380281690141,3.478042253521127,2.032447282447283,2.996638655462185
Pape Gueye,Senegal,1.38809324009324,1.246450704225352,3.71697483260217,2.1353578853578856,3.3390231092436977
Pape Matar Sarr,Senegal,1.1888111888111887,1.4005704225352114,3.8375296698222123,1.5543139293139294,3.4642857142857144
Papu Gómez,Argentina,1.0314685314685315,1.1053802816901408,4.038909951512354,1.5068681318681318,5.0966386554621845
Pathé Ciss,Senegal,1.020979020979021,1.2211408450704226,4.127118679288849,1.9973641223641223,5.600840336134453
Pau Torres,Spain,1.0,1.4485915492957746,4.700259293465712,1.2946985446985448,3.0073529411764706
Paulo Dybala,Argentina,1.0,1.2645,3.183867697991226,1.3204261954261955,3.9984243697478994
Pedri,Spain,1.0,3.4715000000000003,7.29306349572847,3.036828036828037,3.7289915966386555
Pedro,Brazil,2.834041958041958,1.0,3.412633802816901,1.3337912087912087,2.014705882352941
Pepe,Portugal,1.398814287831629,1.6079225352112676,5.358169475871623,4.1043584793584795,5.093808823529412
Pervis Estupiñán,Ecuador,1.108979020979021,1.4865211267605636,4.745704687139229,3.0585461835461834,3.8266806722689077
Phil Foden,England,1.7954029400272173,1.4445704225352112,4.157126991456938,1.5934065934065935,2.53702731092437
Piero Hincapié,Ecuador,1.0,1.3504014084507043,4.872597552528285,2.820648945648946,3.2823004201680672
Pierre Højbjerg,Denmark,1.0984895104895105,1.9842042253521126,5.763899561302239,2.7123923373923375,4.214285714285714
Pierre Kunde,Cameroon,1.5226759906759906,1.3550211267605634,3.820495959362733,2.232254232254232,5.361344537815126
Piotr Zieliński,Poland,1.5486028807416092,1.6076619718309857,4.575555299007158,2.365236115236115,2.6008403361344534
Przemysław Frankowski,Poland,1.0104895104895104,1.2519507042253522,3.5434001385361347,2.565043065043065,3.971638655462185
Rafael Leão,Portugal,3.764682754624951,1.3575,3.4567381667051484,1.1607142857142856,4.182773109243698
Raheem Sterling,England,1.9110004446420632,1.4253802816901409,3.8396845993996767,1.4203296703296704,3.196428571428571
Ramin Rezaeian,IR Iran,1.7032229812576634,1.263380281690141,3.8801974139921493,2.3826106326106324,3.836455882352941
Randal Kolo Muani,France,2.3706736731476616,1.1518802816901408,3.02512676056338,2.0003712503712503,3.6190189075630257
Raphaël Guerreiro,Portugal,1.488664106606303,1.6567112676056337,5.092172477487878,2.382610632610633,3.8368844537815123
Raphaël Varane,France,1.062937062937063,1.6513028169014086,5.291465019625952,3.6552940302940304,3.3099243697478995
Raphinha,Brazil,1.823132867132867,1.458950704225352,4.559575155853151,2.6936813186813184,2.1218487394957983
Rasmus Nissen,Denmark,1.0,1.5124718309859155,5.091398060494113,2.797928422928423,4.452205882352941
Raúl Jiménez,Mexico,1.0,1.0950704225352113,3.178879011775572,1.2215250965250966,4.775210084033613
Remo Freuler,Switzerland,1.464294379993802,1.4740915492957747,4.848377972754561,2.8761137511137513,3.529831932773109
Renato Steffen,Switzerland,1.0,1.0316901408450705,3.7796423458785497,1.1730769230769231,2.392857142857143
Ricardo Horta,Portugal,2.6700178126305296,1.1451901408450704,3.3527550219348883,1.5068681318681318,2.4684873949579833
Ricardo Rodríguez,Switzerland,1.0,1.6204225352112676,4.68346525051951,2.26533264033264,4.954081932773109
Richarlison,Brazil,2.643204818303084,1.188880281690141,3.627400138536135,2.2693421443421444,3.161014705882353
Richie Laryea,Canada,1.0419580419580419,1.1721901408450703,3.543450704225352,1.7882016632016633,2.0966386554621845
Riley McGree,Australia,1.1431142191142192,1.345450704225352,3.8796536596628957,3.0244653994653996,3.583283613445378
Ritsu Doan,Japan,2.2705995661371383,1.2498802816901409,3.5763100900484877,2.8153029403029404,2.4899159663865547
Riyadh Sharahili,Saudi Arabia,1.0,1.0835,3.59030985915493,1.7377487377487377,3.832983193277311
Roan Wilson,Costa Rica,1.0,1.0,4.033802816901408,1.2338877338877339,1.2857142857142856
Robert Lewandowski,Poland,2.332593610628293,1.5852112676056338,3.9515608404525513,2.3395084645084645,4.599653361344537
Robert Skov,Denmark,1.0,1.0316901408450705,3.6297691064419304,1.0,2.7394957983193278
Roberto Alvarado,Mexico,1.0,1.0,2.5507042253521126,1.0,4.775210084033613
Rodri,Spain,1.0104895104895104,2.5702464788732398,8.025508196721312,2.9813632313632317,4.23340756302521
Rodrigo Bentancur,Uruguay,1.3847272727272728,1.6760422535211268,4.92337797275456,3.7271309771309773,4.662514705882353
Rodrigo De Paul,Argentina,1.2563636363636363,2.251654929577465,7.03409097206188,4.643970893970894,3.897899159663865
Rodrygo,Brazil,1.5367272727272727,1.7137605633802817,4.401515816208728,2.7668547668547667,1.718487394957983
Rogelio Funes Mori,Mexico,2.29020979020979,1.9,1.0126760563380282,1.0865384615384615,3.2100840336134455
Romain Saïss,Morocco,1.383238718891898,1.2640211267605634,4.789149619025629,4.258390258390259,6.029411764705882
Romario Ibarra,Ecuador,1.5513006993006995,1.0976901408450703,3.2391830985915493,1.4554128304128304,2.071428571428571
Romelu Lukaku,Belgium,4.851020979020979,1.082,3.068605633802817,1.0608108108108107,4.5609243697479
Roozbeh Cheshmi,IR Iran,2.8411800530875677,1.0,2.988281690140845,1.676937926937927,3.0601743697478994
Ruben Vargas,Switzerland,1.2007179487179487,1.3322605633802818,3.8894509351189104,1.750111375111375,3.6715189075630246
Rubin Colwill,Wales,1.2202797202797202,1.9,2.5253521126760563,1.1730769230769231,1.2857142857142856
Ró-Ró,Qatar,1.020979020979021,1.1437605633802816,3.9289184945740008,3.333531333531334,4.379411764705882
Rónald Matarrita,Costa Rica,1.0,1.0633802816901408,2.9897605633802815,1.1730769230769231,2.6050420168067228
Rúben Dias,Portugal,1.0104895104895104,1.4369718309859154,5.494011775571461,2.7217478467478466,4.435661764705882
Rúben Neves,Portugal,1.0314685314685315,1.8293732394366198,5.543316093280997,2.4785046035046037,4.061764705882353
Sadegh Moharrami,IR Iran,1.0,1.15,3.211211267605634,1.6027621027621026,2.8710987394957983
Saeid Ezatolahi,IR Iran,1.1512913752913754,1.304830985915493,3.932636804433156,2.6031333531333534,3.4718487394957984
Saleh Al-Shehri,Saudi Arabia,1.5942893407170864,1.1672605633802817,3.159450704225352,1.9004677754677755,4.762189075630252
Salem Al-Dawsari,Saudi Arabia,2.554472641039115,1.6315915492957747,4.4828850150080815,1.8881051381051381,4.6649159663865545
Salis Abdul Samed,Ghana,1.0104895104895104,1.4205915492957746,4.482445162779959,2.648574398574399,2.090336134453781
Salman Al-Faraj,Saudi Arabia,1.0,1.0,3.330281690140845,1.4326923076923077,3.142857142857143
Sam Adekugbe,Canada,1.0,1.2212605633802815,4.183073424151466,1.3946020196020197,5.0966386554621845
Saman Ghoddos,IR Iran,1.3776223776223777,1.1,3.4497691064419302,1.0865384615384615,2.310924369747899
Sami Al-Najei,Saudi Arabia,1.0,1.0,2.9626338028169013,1.1730769230769231,1.75
Samuel Oum Gouet,Cameroon,1.0,1.2351408450704224,4.065188870930501,1.268970893970894,4.0
Sardar Azmoun,IR Iran,2.27346386946387,1.2020704225352112,3.0673747402447473,1.0608108108108107,3.095638655462185
Saud Abdulhamid,Saudi Arabia,1.0104895104895104,1.4187112676056337,4.337786423458786,2.6382165132165136,4.11218487394958
Saša Lukić,Serbia,1.020979020979021,1.416781690140845,4.6639157238513045,1.983999108999109,5.408613445378151
Sebastian Szymański,Poland,1.0,1.1285704225352113,3.2581071346109445,2.593777843777844,2.043817226890756
Sebastián Coates,Uruguay,1.0524475524475525,1.3419014084507042,4.2473749711383055,2.1313483813483813,5.764705882352941
Selim Amallah,Morocco,1.0524475524475525,1.2147605633802816,4.050397367813438,4.631608256608256,4.472525210084034
Serge Gnabry,Germany,2.0482429093064933,1.3051901408450703,3.959893096282614,2.282707157707158,2.2289915966386555
Sergej Milinković-Savić,Serbia,1.5155768624439143,1.4772112676056337,4.334408912491341,2.923559548559549,4.1039915966386555
Sergio Busquets,Spain,1.0419580419580419,2.157894366197183,5.850699376587394,2.1734481734481736,5.245094537815126
Sergiño Dest,United States,1.0734265734265733,1.6388521126760565,5.275682290464095,2.6124888624888625,3.270483193277311
Shaquell Moore,United States,1.0,1.0316901408450705,3.1150845070422535,1.3555093555093556,4.504201680672269
Shogo Taniguchi,Japan,1.1258741258741258,1.3169014084507042,4.083022627568691,2.201514701514702,5.175665966386554
Silvan Widmer,Switzerland,1.0104895104895104,1.533281690140845,4.623676518125144,3.6182061182061185,5.145483193277311
Simon Kjær,Denmark,1.0,1.0950704225352113,4.025045255137382,2.098269973269973,4.294642857142858
Sofiane Boufal,Morocco,1.1031142191142191,1.4589014084507042,4.76136966058647,3.8918547668547667,5.059453781512605
Sofyan Amrabat,Morocco,1.0,1.3599014084507042,5.910195105056569,4.303163053163053,5.360084033613445
Son Heung-min,Korea Republic,1.3153846153846154,1.3066901408450704,3.8251466174093744,2.1002747252747254,2.418067226890756
Son Jun-ho,Korea Republic,1.0,1.5044014084507042,4.3292255830062345,2.260989010989011,2.947478991596639
Sorba Thomas,Wales,1.0,1.0,3.2753521126760563,1.0865384615384615,1.7142857142857142
Srđan Babić,Serbia,1.0,1.0,2.942605633802817,1.1473492723492724,2.142857142857143
Stefan Mitrović,Serbia,1.0,1.0,3.663957746478873,1.0,2.5
Stephen Eustáquio,Canada,1.1363636363636362,1.4695211267605632,4.628366658970215,2.032447282447283,3.0073529411764706
Steven Berghuis,Netherlands,1.1363636363636362,1.7162323943661972,4.209217270838144,1.3461538461538463,4.314376050420168
Steven Bergwijn,Netherlands,1.2202797202797202,1.105880281690141,4.12451558531517,1.4326923076923077,3.352941176470588
Steven Vitória,Canada,1.0,1.2535211267605635,4.83118910182406,2.3775987525987525,5.866296218487395
Strahinja Pavlović,Serbia,1.5042396755460339,1.5138521126760565,4.753259755252828,3.2306207306207306,5.543796218487395
Sultan Al-Ghanam,Saudi Arabia,1.1258741258741258,1.0355,3.495225583006234,2.023091773091773,2.7815126050420167
Taha Yassine Khenissi,Tunisia,1.062937062937063,1.1866901408450703,2.032802816901408,1.0,4.182023109243698
Tajon Buchanan,Canada,1.3461538461538463,1.3844507042253522,3.9527834218425304,2.0879120879120876,3.8290819327731094
Takefusa Kubo,Japan,1.0,1.05,2.781363426460402,1.6057692307692308,2.7111344537815123
Takehiro Tomiyasu,Japan,1.0,1.3336408450704225,3.8223128607711847,1.771829521829522,3.1252100840336134
Takuma Asano,Japan,2.229083740921891,1.1950704225352113,3.4570422535211267,1.2215250965250966,2.825840336134454
Takumi Minamino,Japan,1.7776223776223778,1.45,3.043211267605634,1.2338877338877339,2.0966386554621845
Tarek Salman,Qatar,1.0,1.0316901408450705,3.159154929577465,1.2472527472527473,2.0
Tariq Lamptey,Ghana,1.062937062937063,1.0,3.1636282613715077,1.8366498366498367,2.57563025210084
Teun Koopmeiners,Netherlands,1.1512913752913754,1.517711267605634,4.192659432001847,3.097638847638848,4.471724789915966
Theo Hernández,France,1.3228292709217566,1.9673732394366197,5.964195105056569,4.379343629343629,4.794867647058823
Thiago Almada,Argentina,1.0,1.6429999999999998,4.112560609558994,1.0,1.4285714285714286
Thiago Silva,Brazil,1.0419580419580419,1.6483521126760563,6.100634495497575,2.9472824472824475,4.757563025210084
Thilo Kehrer,Germany,1.0,1.0966901408450704,3.507870468713923,2.296072171072171,3.672268907563025
Thomas Delaney,Denmark,1.0,1.0950704225352113,3.6641662433618105,1.1473492723492724,3.893607142857143
Thomas Meunier,Belgium,1.209072261072261,1.4030211267605632,4.392256753636573,2.3177903177903176,4.572268907563025
Thomas Müller,Germany,1.1468531468531469,1.2883802816901408,3.8335890094666354,2.0260989010989015,2.888392857142857
Thomas Partey,Ghana,1.0734265734265733,1.7034225352112675,5.108102054952667,3.649948024948025,4.07638025210084
Thorgan Hazard,Belgium,1.0,1.4453802816901409,3.5455945509120292,1.951923076923077,2.44327731092437
Tim Ream,United States,1.0734265734265733,1.5954225352112676,5.788797968136689,3.064894564894565,4.6690315126050415
Timothy Castagne,Belgium,1.0,1.4918521126760562,5.023228584622489,2.3435179685179683,3.261344537815126
Timothy Weah,United States,1.658252421951844,1.2896408450704224,4.253467790348649,1.8653846153846154,2.4609243697478993
Toby Alderweireld,Belgium,1.0,1.6547323943661971,5.4960849688293685,3.020790020790021,3.3563928571428567
Trent Alexander-Arnold,England,1.0,1.0,3.9879494343107824,1.1730769230769231,2.033613445378151
Tyler Adams,United States,1.0104895104895104,1.7663732394366196,5.8002486723620414,3.998106623106623,4.553978991596638
Uriel Antuna,Mexico,1.5008111888111888,1.0585,2.93943661971831,1.5192307692307692,1.75
Victor Nelsson,Denmark,1.0,1.3035211267605633,4.670786423458786,1.7283932283932284,2.927607142857143
Vincent Aboubakar,Cameroon,2.9959346241427167,1.475380281690141,3.244628261371508,1.2432432432432432,5.082773109243697
Vincent Janssen,Netherlands,1.0944055944055944,1.2203802816901408,3.633571923343339,1.5800415800415801,3.4611344537815127
Vinicius Júnior,Brazil,1.894800921621731,1.5794507042253523,3.9732874624797963,2.125,1.5714285714285714
Virgil van Dijk,Netherlands,1.0419580419580419,1.261830985915493,6.045620410990534,4.477576477576478,4.447371848739496
Vitinha,Portugal,1.4524475524475524,1.6268521126760562,4.719214500115447,1.4811404811404811,2.310924369747899
Wahbi Khazri,Tunisia,3.296089844644758,1.0950704225352113,3.200473331794043,1.1730769230769231,3.033613445378151
Wajdi Kechrida,Tunisia,1.0,1.2570704225352114,3.436073424151466,2.022089397089397,3.7282415966386555
Walid Cheddira,Morocco,2.6766993006993007,1.0316901408450705,2.625236665897021,1.2081600831600832,4.929621848739496
Walker Zimmerman,United States,1.020979020979021,1.2386408450704225,4.972287462479796,3.506942381942382,3.95938025210084
Wataru Endo,Japan,1.142937062937063,1.577281690140845,4.87348210574925,3.923930798930799,4.980042016806722
Weston McKennie,United States,1.2243636363636363,1.7395422535211267,4.878952897714154,2.1694386694386694,4.311974789915967
William Carvalho,Portugal,1.0314685314685315,1.3165211267605632,5.063997691064419,2.047817047817048,4.932773109243698
William Saliba,France,1.0,1.2238802816901408,4.209743708150542,1.1730769230769231,1.4285714285714286
Wout Weghorst,Netherlands,4.731204063758977,1.5455,2.991318402216578,1.2338877338877339,4.822478991596638
Xavi Simons,Netherlands,1.0,1.0,2.994019856845994,1.0865384615384615,3.357142857142857
Xherdan Shaqiri,Switzerland,1.6746910815581337,1.457830985915493,3.941997691064419,1.0,3.107563025210084
Yahya Attiat Allah,Morocco,1.0734265734265733,1.3257605633802818,4.04735511429231,2.9506237006237006,3.023109243697479
Yannick Carrasco,Belgium,1.2307692307692308,1.155,3.978864927268529,2.1828036828036828,3.7478991596638656
Yasser Al-Shahrani,Saudi Arabia,1.0,1.0316901408450705,2.6240507965827753,2.5887659637659635,2.8907563025210083
Yassine Meriah,Tunisia,1.020979020979021,1.3985915492957746,4.858856845993996,3.5884689634689635,3.5993802521008402
Yeltsin Tejeda,Costa Rica,1.6116469811498715,1.3061408450704226,4.249107365504502,3.144082269082269,3.7864642857142856
Youri Tielemans,Belgium,1.0,1.2846408450704225,4.006073424151467,2.2733516483516483,3.515455882352941
Youssef En-Nesyri,Morocco,1.6397402212431114,1.1200704225352114,3.4368000461787114,2.954633204633205,3.364705882352941
Youssef Msakni,Tunisia,1.5895291375291376,1.3132605633802816,3.87149041791734,1.6665800415800416,3.24925
Youssouf Fofana,France,1.0734265734265733,1.5106619718309857,4.400000230893558,3.212912087912088,3.0577731092436977
Youssouf Sabaly,Senegal,1.077156177156177,1.7195422535211269,5.444899330408682,2.8824621324621322,3.860380252100841
Youssoufa Moukoko,Germany,1.0,1.0,2.508450704225352,1.0,1.0
Youstin Salas,Costa Rica,1.0,1.1271901408450704,3.4810845070422536,2.0127338877338876,4.107142857142858
Yuki Soma,Japan,1.2202797202797202,1.0316901408450705,2.8960394827984297,1.1730769230769231,2.352941176470588
Yunus Musah,United States,1.1532494172494172,1.4739014084507043,5.06314707919649,3.286085536085536,3.5304621848739495
Yuto Nagatomo,Japan,1.0,1.264830985915493,3.76607896559686,1.8747401247401247,4.471939075630251
Zakaria Aboukhlal,Morocco,3.8132225231415977,1.0585,2.6098591549295773,1.6542174042174043,3.810924369747899
Álvaro Morata,Spain,3.742567282428554,1.3760704225352112,3.441611406141768,1.5543139293139294,4.668067226890756
Álvaro Zamora,Costa Rica,1.0,1.0316901408450705,4.087208496882937,1.3337912087912087,1.2142857142857142
Ángel Correa,Argentina,1.0,1.0,4.025352112676057,1.1473492723492724,2.2857142857142856
Ángel Di María,Argentina,1.8026695770510799,1.5935704225352114,5.00736134841838,1.9395604395604396,2.7142857142857144
Ángelo Preciado,Ecuador,1.020979020979021,1.2797605633802818,4.1665890094666365,3.1594520344520345,4.051680672268908
Éder Militão,Brazil,1.1217808857808858,1.7118028169014086,5.601121680905102,2.565043065043065,4.318327731092436
Óscar Duarte,Costa Rica,1.0,1.0481901408450705,3.63974647887324,3.741832491832492,4.389495798319327
İlkay Gündoğan,Germany,2.235951870865166,1.7134225352112677,5.20684576310321,1.8272943272943274,4.247058823529412
